ma_3,ma_7,month,day,amounts ( in â‚¹ )
,,8,19,12.0
,,8,19,110.0
,,8,18,20.0
47.333333333333336,,8,18,12.0
47.333333333333336,,8,17,7.0
13.0,,8,16,96.0
38.333333333333336,,8,14,12.0
38.333333333333336,38.42857142857143,8,13,40.0
49.333333333333336,42.42857142857143,8,12,12.0
21.333333333333332,28.428571428571427,8,11,12.0
21.333333333333332,27.285714285714285,8,10,197.05
73.68333333333334,53.721428571428575,8,10,7.0
72.01666666666667,53.721428571428575,8,29,2.0
68.68333333333334,40.292857142857144,8,29,2.0
3.6666666666666665,38.864285714285714,8,29,132.05
45.35,52.01428571428572,8,29,10.0
48.01666666666667,51.728571428571435,8,28,694.0
278.68333333333334,149.15714285714284,8,28,296.0
333.3333333333333,163.29285714285717,8,27,10.0
333.3333333333333,163.7214285714286,8,26,30.0
112.0,167.7214285714286,8,26,161.0
67.0,190.4357142857143,8,25,12.0
67.66666666666667,173.28571428571428,8,25,38.0
70.33333333333333,177.28571428571428,8,24,10.0
20.0,79.57142857142857,8,22,216.81
88.27,68.25857142857143,8,22,20.0
82.27,69.68714285714286,7,31,12.0
82.93666666666667,67.11571428571429,7,29,449.0
160.33333333333334,108.25857142857141,7,29,86.0
182.33333333333334,118.83,7,28,12.0
182.33333333333334,115.11571428571428,7,26,164.05
87.35000000000001,137.12285714285716,7,26,579.0
251.6833333333333,188.8642857142857,7,25,100.0
281.01666666666665,200.29285714285714,7,25,12.0
230.33333333333334,200.29285714285714,7,25,50.0
54.0,143.29285714285714,7,25,25.0
29.0,134.57857142857142,7,24,50.0
41.666666666666664,140.00714285714284,7,24,12.0
29.0,118.28571428571429,7,24,50.0
37.333333333333336,42.714285714285715,7,24,25.0
29.0,32.0,7,23,50.0
41.666666666666664,37.42857142857143,7,23,50.0
41.666666666666664,37.42857142857143,7,23,20.0
40.0,36.714285714285715,7,23,12.0
27.333333333333332,31.285714285714285,7,23,25.0
19.0,33.142857142857146,7,22,36.0
24.333333333333332,31.142857142857142,7,22,50.0
37.0,34.714285714285715,7,22,25.0
37.0,31.142857142857142,7,21,50.0
41.666666666666664,31.142857142857142,7,21,12.0
29.0,30.0,7,21,50.0
37.333333333333336,35.42857142857143,7,21,25.0
29.0,35.42857142857143,7,20,20.0
31.666666666666668,33.142857142857146,7,20,12.0
19.0,27.714285714285715,7,20,189.93
73.97666666666667,51.27571428571429,7,20,7.0
69.64333333333333,45.13285714285714,7,19,195.15
130.69333333333336,71.29714285714286,7,19,24.0
75.38333333333334,67.58285714285715,7,19,20.0
79.71666666666667,66.86857142857143,7,18,95.8
46.6,77.69714285714285,7,18,366.0
160.6,128.26857142857142,7,18,12.0
157.93333333333334,102.85000000000001,7,13,800.0
392.6666666666667,216.1357142857143,7,13,2400.0
1070.6666666666667,531.1142857142858,7,12,1058.05
1419.3500000000001,678.8357142857143,7,27,181.0
1213.0166666666667,701.8357142857143,7,25,3996.0
1745.0166666666667,1259.0071428571428,7,25,10.0
1395.6666666666667,1208.1499999999999,7,22,181.0
1395.6666666666667,1232.292857142857,7,22,26.0
72.33333333333333,1121.7214285714285,7,21,10.0
72.33333333333333,780.2928571428572,7,21,16.0
17.333333333333332,631.4285714285714,7,21,348.0
124.66666666666667,655.2857142857143,6,30,50.0
138.0,91.57142857142857,6,30,25.0
141.0,93.71428571428571,6,30,110.0
61.666666666666664,83.57142857142857,6,30,349.0
161.33333333333334,129.71428571428572,6,29,349.0
269.3333333333333,178.14285714285714,6,29,135.0
277.6666666666667,195.14285714285714,6,29,1600.0
694.6666666666666,374.0,6,29,184.99
639.9966666666667,393.28428571428566,6,29,201.0
661.9966666666667,418.4271428571428,6,28,114.0
166.66333333333333,418.9985714285714,6,28,163.0
159.33333333333334,392.4271428571428,6,27,40.0
105.66666666666667,348.28428571428566,6,27,25.0
76.0,332.57,6,27,70.0
45.0,113.99857142857142,6,26,25.0
40.0,91.14285714285714,6,26,110.0
68.33333333333333,78.14285714285714,6,26,212.0
115.66666666666667,92.14285714285714,6,25,25.0
115.66666666666667,72.42857142857143,6,25,110.0
115.66666666666667,82.42857142857143,6,23,25.0
53.333333333333336,82.42857142857143,6,23,90.0
75.0,85.28571428571429,6,23,110.0
75.0,97.42857142857143,6,23,216.0
138.66666666666666,112.57142857142857,6,22,135.0
153.66666666666666,101.57142857142857,6,22,154.35
168.45000000000002,120.05,6,21,71.0
120.11666666666667,114.47857142857143,6,21,177.6
134.31666666666666,136.27857142857144,6,21,301.0
183.20000000000002,166.42142857142858,6,20,35.0
171.20000000000002,155.70714285714286,6,20,33.0
123.0,129.56428571428572,6,20,25.0
31.0,113.85000000000001,6,20,110.0
56.0,107.5142857142857,6,19,25.0
53.333333333333336,100.94285714285714,6,19,70.0
68.33333333333333,85.57142857142857,6,18,25.0
40.0,46.142857142857146,6,18,110.0
68.33333333333333,56.857142857142854,6,17,25.0
53.333333333333336,55.714285714285715,6,17,110.0
81.66666666666667,67.85714285714286,6,16,133.0
89.33333333333333,71.14285714285714,6,16,90.0
111.0,80.42857142857143,6,16,204.0
142.33333333333334,99.57142857142857,6,15,62.0
118.66666666666667,104.85714285714286,6,15,188.41
151.47,116.05857142857143,6,14,184.99
145.13333333333333,138.9142857142857,6,14,361.0
244.79999999999998,174.77142857142857,6,13,90.0
211.99666666666667,168.62857142857143,6,12,25.0
158.66666666666666,159.34285714285716,6,12,110.0
75.0,145.9142857142857,6,11,90.0
75.0,149.91428571428574,6,10,90.0
96.66666666666667,135.8557142857143,6,29,25.0
68.33333333333333,113.0,6,29,110.0
75.0,77.14285714285714,6,28,271.24
135.41333333333333,103.03428571428572,6,28,366.0
249.08,151.74857142857144,6,28,189.25
275.49666666666667,163.07,6,27,178.25
244.5,175.67714285714285,6,27,134.0
167.16666666666666,181.96285714285713,6,26,25.0
112.41666666666667,181.96285714285713,6,26,70.0
76.33333333333333,176.24857142857144,6,26,136.0
77.0,156.92857142857142,6,25,90.0
98.66666666666667,117.5,6,24,15.0
80.33333333333333,92.60714285714286,6,24,245.0
116.66666666666667,102.14285714285714,6,24,245.0
168.33333333333334,118.0,6,23,15.0
168.33333333333334,116.57142857142857,6,23,194.0
151.33333333333334,134.28571428571428,6,22,25.0
78.0,118.42857142857143,6,22,220.0
146.33333333333334,137.0,6,22,216.0
153.66666666666666,165.71428571428572,6,21,232.3
222.76666666666665,163.9,6,21,499.0
315.76666666666665,200.18571428571428,6,21,1200.0
643.7666666666667,369.4714285714286,6,21,147.67
615.5566666666667,362.8528571428571,6,21,195.0
514.2233333333334,387.1385714285714,6,21,349.0
230.55666666666664,405.5671428571428,5,31,254.35
266.1166666666667,411.04571428571427,5,31,201.95
268.43333333333334,406.71,5,31,198.0
218.1,363.71,5,30,211.7
203.88333333333333,222.5242857142857,5,30,285.0
231.5666666666667,242.14285714285714,5,29,221.48
239.39333333333335,245.92571428571426,5,28,190.25
232.24333333333334,223.24714285714285,5,28,275.0
228.91,226.19714285714286,5,27,197.39
220.88,225.54571428571427,5,27,220.0
230.79666666666665,228.6885714285714,5,26,190.25
202.54666666666665,225.62428571428572,5,26,114.0
174.75,201.19571428571427,5,25,203.63
169.29333333333332,198.6457142857143,5,25,168.57
162.06666666666666,195.54857142857145,5,25,99.04
157.08,170.4114285714286,5,24,225.94
164.51666666666668,174.49,5,24,168.57
164.51666666666668,167.14285714285714,5,24,204.55
199.68666666666664,169.18571428571428,5,23,190.25
187.79,180.07857142857142,5,23,401.0
265.26666666666665,208.27428571428572,5,22,190.25
260.5,211.37142857142857,5,22,180.0
257.0833333333333,222.93714285714285,5,21,190.25
186.83333333333334,217.8385714285714,5,21,93.6
154.61666666666667,207.12857142857143,5,21,158.0
147.28333333333333,200.47857142857146,5,21,339.0
196.86666666666667,221.72857142857143,5,20,351.77
282.92333333333335,214.69571428571427,5,20,190.25
293.67333333333335,214.69571428571427,5,19,190.25
244.09,216.16,5,18,208.1
196.20000000000002,218.71,5,18,158.97
185.7733333333333,228.04857142857142,5,17,190.25
185.7733333333333,232.65571428571428,5,17,145.49
164.90333333333334,205.01142857142858,5,17,50.0
128.58,161.90142857142857,5,16,225.94
140.47666666666666,167.0,5,16,66.2
114.04666666666667,149.27857142857144,5,15,190.25
160.79666666666665,146.72857142857143,5,14,190.25
148.9,151.19714285714284,5,13,175.49
185.33,149.0885714285714,5,12,364.0
243.24666666666667,180.3042857142857,5,12,210.1
249.86333333333334,203.1757142857143,5,12,80.0
218.03333333333333,182.32714285714286,5,12,178.0
156.03333333333333,198.29857142857145,5,11,201.1
153.03333333333333,199.84857142857143,5,11,80.0
153.03333333333333,184.09857142857143,5,11,172.27
151.12333333333333,183.63857142857142,5,10,60.0
104.08999999999999,140.21,5,10,10.0
80.75666666666667,111.62428571428572,5,10,4.0
24.666666666666668,100.76714285714286,5,10,50.0
21.333333333333332,82.48142857142857,5,10,20.0
24.666666666666668,56.61,5,10,16.0
28.666666666666668,47.46714285714285,5,10,54.0
30.0,30.571428571428573,5,10,25.0
31.666666666666668,25.571428571428573,5,29,50.0
43.0,31.285714285714285,5,29,20.0
31.666666666666668,33.57142857142857,5,29,50.0
40.0,33.57142857142857,5,29,25.0
31.666666666666668,34.285714285714285,5,28,50.0
41.666666666666664,39.142857142857146,5,28,20.0
31.666666666666668,34.285714285714285,5,28,50.0
40.0,37.857142857142854,5,28,10.0
26.666666666666668,32.142857142857146,5,28,22.0
27.333333333333332,32.42857142857143,5,28,25.0
19.0,28.857142857142858,5,27,50.0
32.333333333333336,32.42857142857143,5,27,40.0
38.333333333333336,31.0,5,27,50.0
46.666666666666664,35.285714285714285,5,27,25.0
38.333333333333336,31.714285714285715,5,26,50.0
41.666666666666664,37.42857142857143,5,26,10.0
28.333333333333332,35.714285714285715,5,26,50.0
36.666666666666664,39.285714285714285,5,26,25.0
28.333333333333332,35.714285714285715,5,25,50.0
41.666666666666664,37.142857142857146,5,25,20.0
31.666666666666668,32.857142857142854,5,25,25.0
31.666666666666668,32.857142857142854,5,24,100.0
48.333333333333336,40.0,5,24,10.0
45.0,40.0,5,24,65.0
58.333333333333336,42.142857142857146,5,24,25.0
33.333333333333336,42.142857142857146,5,23,30.0
40.0,39.285714285714285,5,23,70.0
41.666666666666664,46.42857142857143,5,23,100.0
66.66666666666667,57.142857142857146,5,23,349.0
173.0,92.71428571428571,5,23,425.0
291.3333333333333,152.0,5,22,20.0
264.6666666666667,145.57142857142858,5,21,10.0
151.66666666666666,143.42857142857142,4,30,20.0
16.666666666666668,142.0,4,29,20.0
16.666666666666668,134.85714285714286,4,28,10.0
16.666666666666668,122.0,4,28,10.0
13.333333333333334,73.57142857142857,4,27,10.0
10.0,14.285714285714286,4,26,55.0
25.0,19.285714285714285,4,26,10.0
25.0,19.285714285714285,4,25,20.0
28.333333333333332,19.285714285714285,4,24,10.0
13.333333333333334,17.857142857142858,4,24,37.0
22.333333333333332,21.714285714285715,4,23,20.0
22.333333333333332,23.142857142857142,4,22,20.0
25.666666666666668,24.571428571428573,4,21,10.0
16.666666666666668,18.142857142857142,4,21,30.0
20.0,21.0,4,21,446.0
162.0,81.85714285714286,4,20,30.0
168.66666666666666,84.71428571428571,4,20,10.0
162.0,80.85714285714286,4,19,125.0
55.0,95.85714285714286,4,18,10.0
48.333333333333336,94.42857142857143,4,17,10.0
48.333333333333336,94.42857142857143,4,16,20.0
13.333333333333334,93.0,4,15,10.0
13.333333333333334,30.714285714285715,4,15,14.0
14.666666666666666,28.428571428571427,4,15,65.0
29.666666666666668,36.285714285714285,4,14,20.0
33.0,21.285714285714285,4,13,10.0
31.666666666666668,21.285714285714285,4,12,30.0
20.0,24.142857142857142,4,12,55.0
31.666666666666668,29.142857142857142,4,12,10.0
31.666666666666668,29.142857142857142,4,11,10.0
25.0,28.571428571428573,4,11,300.0
106.66666666666667,62.142857142857146,4,11,14.0
108.0,61.285714285714285,4,29,207.89
173.96333333333334,89.55571428571429,4,29,10.0
77.29666666666667,86.69857142857143,4,29,249.0
155.63,114.41285714285713,4,28,10.0
89.66666666666667,114.41285714285713,4,27,20.0
93.0,115.84142857142857,4,26,20.0
16.666666666666668,75.84142857142857,4,25,30.0
23.333333333333332,78.12714285714286,4,25,65.0
38.333333333333336,57.714285714285715,4,25,10.0
35.0,57.714285714285715,4,24,20.0
31.666666666666668,25.0,4,24,210.0
80.0,53.57142857142857,4,23,10.0
80.0,52.142857142857146,4,23,60.0
93.33333333333333,57.857142857142854,4,22,35.0
35.0,58.57142857142857,4,22,16.0
37.0,51.57142857142857,4,21,20.0
23.666666666666668,53.0,3,31,20.0
18.666666666666668,53.0,3,30,10.0
16.666666666666668,24.428571428571427,3,29,30.0
20.0,27.285714285714285,3,29,88.28
42.76,31.325714285714287,3,29,10.0
42.76,27.754285714285714,3,29,70.0
56.093333333333334,35.46857142857143,3,28,40.0
40.0,38.325714285714284,3,27,20.0
43.333333333333336,38.325714285714284,3,25,40.0
33.333333333333336,42.61142857142857,3,24,20.0
26.666666666666668,41.18285714285714,3,23,10.0
23.333333333333332,30.0,3,22,125.0
51.666666666666664,46.42857142857143,3,21,20.0
51.666666666666664,39.285714285714285,3,20,10.0
51.666666666666664,35.0,3,20,14.0
14.666666666666666,34.142857142857146,3,20,80.0
34.666666666666664,39.857142857142854,3,18,25.0
39.666666666666664,40.57142857142857,3,18,249.0
118.0,74.71428571428571,3,17,25.0
99.66666666666667,60.42857142857143,3,15,77.0
117.0,68.57142857142857,3,15,33.0
45.0,71.85714285714286,3,28,181.0
97.0,95.71428571428571,3,27,70.0
94.66666666666667,94.28571428571429,3,26,20.0
90.33333333333333,93.57142857142857,3,26,20.0
36.666666666666664,60.857142857142854,3,25,40.0
26.666666666666668,63.0,3,23,10.0
23.333333333333332,53.42857142857143,3,22,10.0
20.0,50.142857142857146,3,21,105.0
41.666666666666664,39.285714285714285,2,28,20.0
45.0,32.142857142857146,2,27,10.0
45.0,30.714285714285715,2,26,20.0
16.666666666666668,30.714285714285715,2,25,40.0
23.333333333333332,30.714285714285715,2,24,10.0
23.333333333333332,30.714285714285715,2,23,10.0
20.0,30.714285714285715,2,22,30.0
16.666666666666668,20.0,2,22,133.99
57.99666666666667,36.284285714285716,2,22,249.0
137.66333333333333,70.42714285714285,2,21,35.0
139.33,72.57000000000001,2,20,10.0
98.0,68.28428571428572,2,19,20.0
21.666666666666668,69.71285714285715,2,19,24.0
18.0,71.71285714285715,2,19,100.0
48.0,81.71285714285715,2,18,10.0
44.666666666666664,64.0,2,17,20.0
43.333333333333336,31.285714285714285,2,16,10.0
13.333333333333334,27.714285714285715,2,15,40.0
23.333333333333332,32.0,2,15,40.0
30.0,34.857142857142854,2,14,50.0
43.333333333333336,38.57142857142857,2,14,40.0
43.333333333333336,30.0,2,13,20.0
36.666666666666664,31.428571428571427,2,11,30.0
30.0,32.857142857142854,2,28,25.0
25.0,35.0,2,28,102.44
52.48,43.92,2,27,35.0
54.14666666666667,43.205714285714286,2,26,10.0
49.14666666666667,37.49142857142857,2,26,40.0
28.333333333333332,37.49142857142857,2,24,10.0
20.0,36.06285714285714,2,24,64.0
38.0,40.92,2,21,30.0
34.666666666666664,41.63428571428572,2,21,105.0
66.33333333333333,42.0,1,31,30.0
55.0,41.285714285714285,1,29,10.0
48.333333333333336,41.285714285714285,1,29,10.0
16.666666666666668,37.0,1,29,40.0
20.0,41.285714285714285,1,28,249.0
99.66666666666667,67.71428571428571,1,28,40.0
109.66666666666667,69.14285714285714,1,27,12.0
100.33333333333333,55.857142857142854,1,27,45.0
32.333333333333336,58.0,1,27,185.0
80.66666666666667,83.0,1,26,10.0
80.0,83.0,1,25,30.0
75.0,81.57142857142857,1,25,131.44
57.14666666666667,64.77714285714286,1,25,20.0
60.48,61.92,1,23,20.0
57.14666666666667,63.06285714285714,1,21,20.0
20.0,59.49142857142857,1,20,40.0
26.666666666666668,38.777142857142856,1,20,425.0
161.66666666666666,98.06285714285715,1,18,30.0
165.0,98.06285714285715,1,18,103.44
186.14666666666668,94.06285714285714,1,18,30.0
54.48,95.49142857142859,1,17,45.0
59.48,99.06285714285715,1,16,10.0
28.333333333333332,97.63428571428572,1,15,16.0
23.666666666666668,94.2057142857143,1,14,20.0
15.333333333333334,36.348571428571425,1,13,10.0
15.333333333333334,33.49142857142857,1,12,10.0
13.333333333333334,20.142857142857142,1,11,30.0
16.666666666666668,20.142857142857142,1,11,161.44
67.14666666666666,36.777142857142856,1,10,1241.11
477.51666666666665,212.65,1,10,10.0
470.84999999999997,211.79285714285714,1,29,10.0
420.36999999999995,210.3642857142857,1,28,20.0
13.333333333333334,211.79285714285714,1,28,325.0
118.33333333333333,256.79285714285714,1,27,10.0
118.33333333333333,253.93571428571428,1,27,100.0
145.0,245.1585714285714,1,26,20.0
43.333333333333336,70.71428571428571,1,26,12.0
44.0,71.0,1,26,25.0
19.0,73.14285714285714,1,25,10.0
15.666666666666666,71.71428571428571,1,24,40.0
25.0,31.0,1,24,249.0
99.66666666666667,65.14285714285714,12,29,121.0
136.66666666666666,68.14285714285714,12,14,361.0
243.66666666666666,116.85714285714286,12,26,299.0
260.3333333333333,157.85714285714286,11,27,361.0
340.3333333333333,205.85714285714286,11,26,20.0
226.66666666666666,207.28571428571428,11,25,47.0
142.66666666666666,208.28571428571428,11,24,10.0
25.666666666666668,174.14285714285714,11,23,85.0
47.333333333333336,169.0,11,23,30.0
41.666666666666664,121.71428571428571,11,23,10.0
41.666666666666664,80.42857142857143,11,22,20.0
20.0,31.714285714285715,11,21,20.0
16.666666666666668,31.714285714285715,11,19,10.0
16.666666666666668,26.428571428571427,11,18,20.0
16.666666666666668,27.857142857142858,11,18,30.0
20.0,20.0,11,17,10.0
20.0,17.142857142857142,11,16,130.26
56.75333333333333,34.32285714285714,11,15,10.0
50.086666666666666,32.894285714285715,11,14,10.0
50.086666666666666,31.465714285714284,11,14,249.0
89.66666666666667,65.60857142857142,11,13,20.0
93.0,65.60857142857142,11,13,30.0
99.66666666666667,65.60857142857142,11,12,10.0
20.0,65.60857142857142,11,11,10.0
16.666666666666668,48.42857142857143,11,10,20.0
13.333333333333334,49.857142857142854,11,29,30.0
20.0,52.714285714285715,11,29,152.51
67.50333333333333,38.93,11,28,20.0
67.50333333333333,38.93,11,28,40.0
70.83666666666666,40.35857142857143,11,27,20.0
26.666666666666668,41.787142857142854,11,25,60.0
40.0,48.93,11,25,35.0
38.333333333333336,51.07285714285714,11,24,35.0
43.333333333333336,51.787142857142854,11,24,35.0
35.0,35.0,11,24,35.0
35.0,37.142857142857146,11,24,25.0
31.666666666666668,35.0,11,23,10.0
23.333333333333332,33.57142857142857,11,22,30.0
21.666666666666668,29.285714285714285,11,22,137.26
59.086666666666666,43.894285714285715,11,22,10.0
59.086666666666666,40.32285714285714,10,31,15.0
54.086666666666666,37.465714285714284,10,31,175.94
66.98,57.6,10,30,10.0
66.98,55.457142857142856,10,30,35.0
73.64666666666666,59.028571428571425,10,29,10.0
18.333333333333332,56.17142857142857,10,28,10.0
18.333333333333332,37.99142857142857,10,27,10.0
10.0,37.99142857142857,10,26,30.0
16.666666666666668,40.13428571428572,10,26,122.26
54.086666666666666,32.465714285714284,10,26,10.0
54.086666666666666,32.465714285714284,10,25,35.0
55.75333333333333,32.465714285714284,10,24,10.0
18.333333333333332,32.465714285714284,10,23,10.0
18.333333333333332,32.465714285714284,10,22,10.0
10.0,32.465714285714284,10,22,70.0
30.0,38.18,10,21,249.0
109.66666666666667,56.285714285714285,10,21,40.0
119.66666666666667,60.57142857142857,10,18,77.0
122.0,66.57142857142857,10,13,181.0
99.33333333333333,91.0,10,29,161.0
139.66666666666666,112.57142857142857,10,29,25.0
122.33333333333333,114.71428571428571,10,29,35.0
73.66666666666667,109.71428571428571,10,28,20.0
26.666666666666668,77.0,10,27,40.0
31.666666666666668,77.0,10,27,35.0
31.666666666666668,71.0,10,26,35.0
36.666666666666664,50.142857142857146,10,25,30.0
33.333333333333336,31.428571428571427,10,25,136.08
67.02666666666667,47.297142857142866,10,25,10.0
58.693333333333335,43.72571428571429,10,24,20.0
55.36000000000001,43.72571428571429,10,23,20.0
16.666666666666668,40.868571428571435,10,22,70.0
36.666666666666664,45.868571428571435,10,22,20.0
36.666666666666664,43.72571428571429,10,21,10.0
33.333333333333336,40.868571428571435,8,31,60.0
30.0,30.0,8,31,20.0
30.0,31.428571428571427,8,30,29.0
36.333333333333336,32.714285714285715,8,30,10.0
19.666666666666668,31.285714285714285,8,30,40.0
26.333333333333332,27.0,8,30,80.0
43.333333333333336,35.57142857142857,8,30,249.0
123.0,69.71428571428571,8,29,10.0
113.0,62.57142857142857,8,28,60.0
106.33333333333333,68.28571428571429,8,28,90.0
53.333333333333336,77.0,8,27,10.0
53.333333333333336,77.0,8,26,16.0
38.666666666666664,73.57142857142857,8,25,10.0
12.0,63.57142857142857,8,24,75.0
33.666666666666664,38.714285714285715,8,24,10.0
31.666666666666668,38.714285714285715,8,23,55.0
46.666666666666664,38.0,8,22,25.0
30.0,28.714285714285715,8,21,20.0
33.333333333333336,30.142857142857142,8,21,100.0
48.333333333333336,42.142857142857146,8,20,25.0
48.333333333333336,44.285714285714285,8,19,10.0
45.0,35.0,8,18,30.0
21.666666666666668,37.857142857142854,8,17,55.0
31.666666666666668,37.857142857142854,8,17,10.0
31.666666666666668,35.714285714285715,8,16,30.0
31.666666666666668,37.142857142857146,8,14,10.0
16.666666666666668,24.285714285714285,8,13,30.0
23.333333333333332,25.0,8,12,10.0
16.666666666666668,25.0,8,12,20.0
20.0,23.571428571428573,8,11,10.0
13.333333333333334,17.142857142857142,8,10,30.0
20.0,20.0,8,29,10.0
16.666666666666668,17.142857142857142,8,26,10.0
16.666666666666668,17.142857142857142,8,26,550.0
190.0,91.42857142857143,8,25,479.0
346.3333333333333,158.42857142857142,8,25,10.0
346.3333333333333,157.0,8,25,10.0
166.33333333333334,157.0,8,25,25.0
15.0,156.28571428571428,8,23,30.0
21.666666666666668,159.14285714285714,8,23,60.0
38.333333333333336,166.28571428571428,8,22,35.0
41.666666666666664,92.71428571428571,8,22,16.0
37.0,26.571428571428573,8,21,349.0
133.33333333333334,75.0,8,21,30.0
131.66666666666666,77.85714285714286,7,28,10.0
129.66666666666666,75.71428571428571,7,27,90.0
43.333333333333336,84.28571428571429,7,27,16.0
38.666666666666664,78.0,7,26,20.0
42.0,75.85714285714286,7,25,50.0
28.666666666666668,80.71428571428571,7,25,50.0
40.0,38.0,7,25,25.0
41.666666666666664,37.285714285714285,7,24,50.0
41.666666666666664,43.0,7,24,50.0
41.666666666666664,37.285714285714285,7,24,25.0
41.666666666666664,38.57142857142857,7,23,50.0
41.666666666666664,42.857142857142854,7,23,50.0
41.666666666666664,42.857142857142854,7,23,25.0
41.666666666666664,39.285714285714285,7,22,50.0
41.666666666666664,42.857142857142854,7,22,34.0
36.333333333333336,40.57142857142857,7,22,50.0
44.666666666666664,40.57142857142857,7,22,25.0
36.333333333333336,40.57142857142857,7,21,50.0
41.666666666666664,40.57142857142857,7,21,50.0
41.666666666666664,40.57142857142857,7,21,25.0
41.666666666666664,40.57142857142857,7,20,50.0
41.666666666666664,40.57142857142857,7,20,20.0
31.666666666666668,38.57142857142857,7,20,50.0
40.0,38.57142857142857,7,20,25.0
31.666666666666668,38.57142857142857,7,19,50.0
41.666666666666664,38.57142857142857,7,19,15.0
30.0,33.57142857142857,7,19,50.0
38.333333333333336,37.142857142857146,7,19,142.0
69.0,50.285714285714285,7,18,50.0
80.66666666666667,54.57142857142857,7,18,10.0
67.33333333333333,48.857142857142854,7,18,22.0
27.333333333333332,48.42857142857143,7,17,50.0
27.333333333333332,48.42857142857143,7,16,33.0
35.0,51.0,7,15,33.0
38.666666666666664,48.57142857142857,7,15,33.0
33.0,33.0,7,13,389.0
151.66666666666666,81.42857142857143,7,12,10.0
144.0,81.42857142857143,7,12,10.0
136.33333333333334,79.71428571428571,7,12,10.0
10.0,74.0,7,25,181.0
67.0,95.14285714285714,7,23,11.0
67.33333333333333,92.0,7,23,22.0
71.33333333333333,90.42857142857143,6,20,148.0
60.333333333333336,56.0,6,29,148.0
106.0,75.71428571428571,6,24,319.0
205.0,119.85714285714286,5,15,148.0
205.0,139.57142857142858,5,12,148.0
205.0,134.85714285714286,5,11,25.0
107.0,136.85714285714286,5,10,114.15
95.71666666666665,150.02142857142857,5,10,10.0
49.71666666666667,130.30714285714285,5,10,40.0
54.71666666666667,114.87857142857142,5,10,25.0
25.0,72.87857142857142,5,29,169.8
78.26666666666667,75.99285714285715,5,28,60.0
84.93333333333334,63.42142857142858,5,28,60.0
96.60000000000001,68.42142857142858,5,28,25.0
48.333333333333336,55.6857142857143,5,27,175.8
86.93333333333334,79.37142857142858,5,27,25.0
75.26666666666667,77.22857142857143,5,27,88.0
96.26666666666667,86.22857142857143,5,26,80.0
64.33333333333333,73.39999999999999,5,25,319.0
162.33333333333334,110.39999999999999,5,24,185.7
194.9,128.35714285714286,5,23,44.0
182.9,131.07142857142858,5,22,20.0
83.23333333333333,108.81428571428572,5,21,42.0
35.333333333333336,111.24285714285715,5,21,205.0
89.0,127.95714285714287,4,30,40.0
95.66666666666667,122.24285714285715,4,30,29.0
91.33333333333333,80.81428571428572,4,29,65.0
44.666666666666664,63.57142857142857,4,28,10.0
34.666666666666664,58.714285714285715,4,27,154.84
76.61333333333333,77.97714285714287,4,27,154.84
106.56,94.09714285714287,4,27,205.14
171.60666666666665,94.11714285714285,4,27,205.14
188.3733333333333,117.70857142857143,4,27,10.0
140.09333333333333,114.99428571428572,4,25,20.0
78.38,108.5657142857143,4,23,42.0
24.0,113.13714285714286,4,23,173.0
78.33333333333333,115.73142857142855,4,22,32.0
82.33333333333333,98.18285714285715,4,22,32.0
79.0,73.44857142857143,4,20,203.04
89.01333333333332,73.14857142857143,4,20,10.0
81.67999999999999,73.14857142857143,4,19,70.0
94.34666666666665,80.29142857142857,4,19,44.0
41.333333333333336,80.57714285714285,4,18,24.0
46.0,59.29142857142857,4,17,17.0
28.333333333333332,57.14857142857142,4,16,30.0
23.666666666666668,56.86285714285714,4,15,65.0
37.333333333333336,37.142857142857146,4,14,999.0
364.6666666666667,178.42857142857142,4,14,209.0
424.3333333333333,198.28571428571428,4,13,203.04
470.34666666666664,221.00571428571428,4,13,20.0
144.01333333333332,220.43428571428572,4,12,30.0
84.34666666666666,222.29142857142855,4,12,30.0
26.666666666666668,222.29142857142855,4,10,42.0
34.0,219.00571428571428,4,29,268.14
113.38,114.59714285714286,4,29,380.6
230.24666666666667,139.11142857142858,4,29,36.0
228.24666666666667,115.24857142857142,4,29,12.0
142.86666666666667,114.10571428571428,4,28,65.0
37.666666666666664,119.10571428571428,4,28,14.0
30.333333333333332,116.82000000000001,4,26,219.54
99.51333333333332,142.18285714285713,4,26,20.0
84.51333333333334,106.73428571428572,4,25,30.0
89.84666666666665,56.64857142857142,4,25,20.0
23.333333333333332,54.36285714285714,4,23,44.0
31.333333333333332,58.93428571428571,4,23,35.0
33.0,54.64857142857142,4,21,100.0
59.666666666666664,66.9342857142857,4,21,37.0
57.333333333333336,40.857142857142854,3,31,59.0
65.33333333333333,46.42857142857143,3,31,1000.0
365.3333333333333,185.0,3,28,65.0
374.6666666666667,191.42857142857142,3,17,148.0
404.3333333333333,206.28571428571428,3,17,299.0
170.66666666666666,244.0,3,14,148.0
198.33333333333334,250.85714285714286,3,14,302.0
249.66666666666666,288.7142857142857,3,13,80.0
176.66666666666666,291.7142857142857,3,11,40.0
140.66666666666666,154.57142857142858,3,11,19.0
46.333333333333336,148.0,3,10,55.8
38.266666666666666,134.82857142857142,3,29,215.29
96.69666666666666,122.86999999999999,3,29,65.0
112.03000000000002,111.01285714285713,3,27,21.0
100.42999999999999,70.86999999999999,3,26,44.0
43.33333333333334,65.72714285714285,3,26,50.0
38.33333333333334,67.15571428571428,3,24,28.0
40.66666666666668,68.44142857142857,3,22,206.81
94.93666666666668,90.0142857142857,3,22,17.0
83.93666666666668,61.68714285714286,3,21,75.0
99.60333333333335,63.11571428571428,3,21,40.0
44.00000000000001,65.83,3,21,15.0
43.33333333333334,61.68714285714286,2,28,40.0
31.666666666666675,60.25857142857143,2,26,30.0
28.333333333333343,60.544285714285714,2,26,15.0
28.333333333333343,33.142857142857146,2,25,40.0
28.333333333333343,36.42857142857143,2,24,460.0
171.66666666666666,91.42857142857143,2,24,196.09
232.03,113.72714285714287,2,24,140.0
265.36333333333334,131.58428571428573,2,22,239.0
191.6966666666667,160.01285714285714,2,20,60.0
146.33333333333334,164.29857142857142,2,18,44.0
114.33333333333333,168.44142857142856,2,17,196.0
100.0,190.72714285714284,2,17,40.0
93.33333333333333,130.72714285714287,2,16,40.0
92.0,108.42857142857143,2,16,25.0
35.0,92.0,2,15,20.0
28.333333333333332,60.714285714285715,2,15,622.0
222.33333333333334,141.0,2,12,49.0
230.33333333333334,141.71428571428572,2,12,21.0
230.66666666666666,116.71428571428571,2,12,20.0
30.0,113.85714285714286,2,10,206.84
82.61333333333333,137.6914285714286,2,10,17.0
81.28,136.54857142857142,2,29,50.0
91.28000000000002,140.83428571428573,2,27,35.0
34.0,56.97714285714286,2,25,74.0
53.0,60.548571428571435,2,25,25.0
44.666666666666664,61.120000000000005,2,25,30.0
43.0,62.548571428571435,2,25,30.0
28.333333333333332,37.285714285714285,2,24,10.0
23.333333333333332,36.285714285714285,2,23,170.64
70.21333333333332,53.519999999999996,2,22,20.0
66.88,51.37714285714286,2,22,50.0
80.21333333333332,47.94857142857143,2,21,17.0
29.0,46.80571428571428,1,31,40.0
35.666666666666664,48.23428571428571,1,29,74.0
43.666666666666664,54.519999999999996,1,29,50.0
54.666666666666664,60.23428571428571,1,29,82.0
68.66666666666667,47.57142857142857,1,29,45.0
59.0,51.142857142857146,1,29,239.0
122.0,78.14285714285714,1,28,10.0
98.0,77.14285714285714,1,27,260.64
169.88,108.66285714285713,1,25,20.0
96.88,100.94857142857143,1,25,40.0
106.88,99.52,1,25,48.0
36.0,94.66285714285713,1,24,35.0
41.0,93.23428571428572,1,23,10.0
31.0,60.519999999999996,1,23,12.0
19.0,60.80571428571428,1,22,71.0
31.0,33.714285714285715,1,21,10.0
31.0,32.285714285714285,1,20,273.76
118.25333333333333,65.67999999999999,1,20,10.0
97.92,60.25142857142857,1,20,10.0
97.92,56.68,1,19,20.0
13.333333333333334,58.10857142857143,1,19,20.0
16.666666666666668,59.25142857142857,1,19,10.0
16.666666666666668,50.537142857142854,1,18,40.0
23.333333333333332,54.82285714285714,1,16,20.0
23.333333333333332,18.571428571428573,1,16,32.0
30.666666666666668,21.714285714285715,1,15,79.0
43.666666666666664,31.571428571428573,1,15,44.0
51.666666666666664,35.0,1,13,288.61
137.20333333333335,73.37285714285714,1,13,10.0
114.20333333333333,73.37285714285714,1,12,30.0
109.53666666666668,71.94428571428571,1,11,20.0
20.0,71.94428571428571,1,10,20.0
23.333333333333332,70.23,1,10,24.0
21.333333333333332,62.37285714285714,1,10,12.0
18.666666666666668,57.80142857142857,1,29,1433.0
489.6666666666667,221.28571428571428,1,29,28.0
491.0,223.85714285714286,1,28,50.0
503.6666666666667,226.71428571428572,1,28,45.0
41.0,230.28571428571428,1,26,231.11
108.70333333333333,260.44428571428574,1,26,20.0
98.70333333333333,259.8728571428572,1,26,10.0
87.03666666666668,259.58714285714285,1,25,20.0
16.666666666666668,57.730000000000004,1,25,40.0
23.333333333333332,59.44428571428572,1,25,82.0
47.333333333333336,64.01571428571428,1,24,575.0
232.33333333333334,139.73,1,23,60.0
239.0,115.28571428571429,1,23,18.0
217.66666666666666,115.0,1,23,56.0
44.666666666666664,121.57142857142857,12,27,118.0
64.0,135.57142857142858,12,26,118.0
97.33333333333333,146.71428571428572,12,15,148.0
128.0,156.14285714285714,12,29,118.0
128.0,90.85714285714286,12,29,150.0
138.66666666666666,103.71428571428571,12,29,150.0
139.33333333333334,122.57142857142857,12,29,150.0
150.0,136.0,11,29,58.0
119.33333333333333,127.42857142857143,11,29,299.0
169.0,153.28571428571428,11,28,359.0
238.66666666666666,183.42857142857142,11,26,65.0
241.0,175.85714285714286,11,25,1496.1
640.0333333333333,368.15714285714284,11,23,283.76
614.9533333333333,387.26571428571424,11,23,10.0
596.62,367.26571428571424,11,21,20.0
104.58666666666666,361.8371428571428,11,21,40.0
23.333333333333332,324.8371428571428,11,20,49.0
36.333333333333336,280.5514285714286,11,20,10.0
33.0,272.6942857142857,11,20,192.0
83.66666666666667,86.39428571428572,11,19,60.0
87.33333333333333,54.42857142857143,11,18,168.26
140.08666666666667,77.03714285714285,11,18,10.0
79.42,75.60857142857142,11,18,20.0
66.08666666666666,72.75142857142858,11,17,24.0
18.0,69.17999999999999,11,16,24.0
22.666666666666668,71.17999999999999,11,15,65.0
37.666666666666664,53.037142857142854,11,15,24.0
37.666666666666664,47.894285714285715,11,12,15.0
34.666666666666664,26.0,11,12,555.86
198.28666666666666,103.98,11,11,153.26
241.37333333333333,123.01714285714286,11,11,10.0
239.70666666666668,121.01714285714286,11,11,20.0
61.086666666666666,120.44571428571429,11,29,40.0
23.333333333333332,116.87428571428572,11,28,164.21
74.73666666666666,136.90428571428572,11,27,20.0
74.73666666666666,137.61857142857144,11,27,239.0
141.07000000000002,92.35285714285715,11,26,50.0
103.0,77.60142857142857,11,24,186.11
158.37,102.76,11,23,20.0
85.37,102.76,10,30,65.0
90.37,106.33142857142857,10,26,65.0
50.0,92.15857142857143,10,25,479.0
203.0,157.73000000000002,10,23,65.0
203.0,132.87285714285716,10,19,65.0
203.0,135.0157142857143,10,19,147.15
92.38333333333333,129.45,10,18,144.49
118.88,147.23428571428573,10,18,20.0
103.88,140.8057142857143,10,17,28.0
64.16333333333334,135.52,10,16,70.0
39.333333333333336,77.09142857142857,10,14,217.88
105.29333333333334,98.93142857142857,10,14,220.61
169.49666666666667,121.16142857142857,10,14,220.61
219.70000000000002,131.65571428571428,10,13,140.0
193.74,131.0142857142857,10,11,10.0
123.53666666666668,129.5857142857143,10,11,21.0
57.0,128.5857142857143,10,11,110.0
47.0,134.3,10,29,35.0
55.333333333333336,108.17428571428572,10,27,278.36
141.12,116.42428571428572,10,26,70.0
127.78666666666668,94.90857142857143,10,26,20.0
122.78666666666668,77.76571428571428,10,26,24.0
38.0,79.76571428571428,10,25,10.0
18.0,78.19428571428571,10,24,10.0
14.666666666666666,63.90857142857143,10,24,21.0
13.666666666666666,61.90857142857143,10,23,10.0
13.666666666666666,23.571428571428573,10,22,50.0
27.0,20.714285714285715,10,21,25.0
28.333333333333332,21.428571428571427,8,31,10.0
28.333333333333332,19.428571428571427,8,31,10.0
15.0,19.428571428571427,8,30,190.44
70.14666666666666,45.205714285714286,8,30,10.0
70.14666666666666,43.63428571428572,8,29,10.0
70.14666666666666,43.63428571428572,8,28,21.0
13.666666666666666,39.49142857142857,8,27,50.0
27.0,43.06285714285714,8,27,50.0
40.333333333333336,48.777142857142856,8,26,152.0
84.0,69.06285714285714,8,26,20.0
74.0,44.714285714285715,8,25,25.0
65.66666666666667,46.857142857142854,8,25,20.0
21.666666666666668,48.285714285714285,8,25,70.0
38.333333333333336,55.285714285714285,8,24,10.0
33.333333333333336,49.57142857142857,8,24,40.0
40.0,48.142857142857146,8,23,20.0
23.333333333333332,29.285714285714285,8,22,10.0
23.333333333333332,27.857142857142858,8,22,24.0
18.0,27.714285714285715,8,22,25.0
19.666666666666668,28.428571428571427,8,21,20.0
23.0,21.285714285714285,8,19,178.9
74.63333333333334,45.41428571428571,8,18,55.0
84.63333333333334,47.55714285714286,8,18,60.0
97.96666666666665,53.271428571428565,8,17,40.0
51.666666666666664,57.55714285714286,8,15,12.0
37.333333333333336,55.84285714285714,8,15,265.0
105.66666666666667,90.12857142857142,8,14,25.0
100.66666666666667,90.84285714285714,8,13,10.0
100.0,66.71428571428571,8,12,150.0
61.666666666666664,80.28571428571429,8,12,20.0
60.0,74.57142857142857,8,10,31.0
67.0,73.28571428571429,8,10,90.0
47.0,84.42857142857143,8,10,85.0
68.66666666666667,58.714285714285715,8,29,10.0
61.666666666666664,56.57142857142857,8,28,20.0
38.333333333333336,58.0,8,27,4.0
11.333333333333334,37.142857142857146,8,27,6.0
10.0,35.142857142857146,8,25,156.39
55.46333333333333,53.05571428571428,8,25,62.0
74.79666666666667,49.05571428571428,8,24,21.0
79.79666666666667,39.91285714285714,8,24,18.0
33.666666666666664,41.05571428571428,7,31,45.0
28.0,44.62714285714286,7,31,487.0
183.33333333333334,113.62714285714286,7,30,138.45
223.48333333333335,132.54857142857142,7,30,20.0
215.15,113.06428571428572,7,29,150.0
102.81666666666666,125.63571428571429,7,29,10.0
60.0,124.06428571428572,7,28,100.0
86.66666666666667,135.77857142857144,7,27,124.8
78.26666666666667,147.17857142857142,7,27,10.0
78.26666666666667,79.03571428571429,7,26,70.0
68.26666666666667,69.25714285714285,7,26,10.0
30.0,67.82857142857144,7,25,50.0
43.333333333333336,53.542857142857144,7,25,48.0
36.0,58.971428571428575,7,24,6.0
34.666666666666664,45.542857142857144,7,23,10.0
21.333333333333332,29.142857142857142,7,22,150.0
55.333333333333336,49.142857142857146,7,22,30.0
63.333333333333336,43.42857142857143,7,21,16.0
65.33333333333333,44.285714285714285,7,18,65.0
37.0,46.42857142857143,7,17,265.0
115.33333333333333,77.42857142857143,7,15,500.0
276.6666666666667,148.0,6,24,148.0
304.3333333333333,167.71428571428572,6,23,100.0
249.33333333333334,160.57142857142858,6,22,80.0
109.33333333333333,167.71428571428572,6,22,50.0
76.66666666666667,172.57142857142858,6,21,139.0
89.66666666666667,183.14285714285714,6,20,50.0
79.66666666666667,152.42857142857142,6,19,40.0
76.33333333333333,86.71428571428571,6,18,146.4
78.8,86.48571428571428,6,18,50.0
78.8,79.34285714285714,6,18,359.0
185.13333333333333,119.2,6,17,163.65
190.88333333333333,135.43571428571428,6,17,10.0
177.54999999999998,117.00714285714285,6,17,100.0
91.21666666666665,124.14999999999999,6,16,75.0
61.666666666666664,129.15,6,16,10.0
61.666666666666664,109.66428571428571,6,16,181.8
88.93333333333334,128.49285714285716,6,15,50.0
80.60000000000001,84.35000000000001,6,15,48.0
93.26666666666667,67.82857142857144,6,14,143.7
80.56666666666666,86.92857142857143,6,14,30.0
73.89999999999999,76.92857142857143,6,14,25.0
66.23333333333333,69.78571428571429,6,14,20.0
25.0,71.21428571428571,6,13,50.0
31.666666666666668,52.38571428571428,6,13,10.0
26.666666666666668,46.671428571428564,6,13,35.0
31.666666666666668,44.8142857142857,6,13,28.0
24.333333333333332,28.285714285714285,6,12,155.25
72.75,46.17857142857143,6,12,10.0
64.41666666666667,44.035714285714285,6,12,10.0
58.416666666666664,42.607142857142854,6,12,60.0
26.666666666666668,44.035714285714285,6,11,120.0
63.333333333333336,59.75,6,11,10.0
63.333333333333336,56.17857142857143,6,11,10.0
46.666666666666664,53.607142857142854,6,10,179.93
66.64333333333333,57.13285714285714,6,10,10.0
66.64333333333333,57.13285714285714,6,10,100.0
96.64333333333333,69.99,6,29,120.0
76.66666666666667,78.56142857142858,6,29,10.0
76.66666666666667,62.847142857142856,6,29,48.0
59.333333333333336,68.27571428571429,6,29,40.0
32.666666666666664,72.56142857142858,6,28,50.0
46.0,54.0,6,28,5.0
31.666666666666668,53.285714285714285,6,28,48.0
34.333333333333336,45.857142857142854,6,27,137.75
63.583333333333336,48.392857142857146,6,27,139.0
108.25,66.82142857142857,6,27,139.0
138.58333333333334,79.82142857142857,6,27,50.0
109.33333333333333,81.25,6,26,173.7
120.89999999999999,98.92142857142858,6,26,210.0
144.56666666666666,128.20714285714286,6,26,30.0
137.9,125.63571428571429,6,26,20.0
86.66666666666667,108.81428571428572,6,25,60.0
36.666666666666664,97.52857142857144,6,25,28.0
36.0,81.67142857142858,6,25,20.0
36.0,77.38571428571429,6,24,108.0
52.0,68.0,6,24,108.0
78.66666666666667,53.42857142857143,6,24,35.0
83.66666666666667,54.142857142857146,6,23,180.0
107.66666666666667,77.0,6,23,15.0
76.66666666666667,70.57142857142857,6,23,100.0
98.33333333333333,80.85714285714286,6,22,40.0
51.666666666666664,83.71428571428571,6,22,40.0
60.0,74.0,6,22,21.0
33.666666666666664,61.57142857142857,6,22,10.0
23.666666666666668,58.0,6,22,50.0
27.0,39.42857142857143,5,29,118.0
59.333333333333336,54.142857142857146,5,26,155.25
107.75,62.035714285714285,5,26,521.24
264.83,130.78428571428572,5,26,35.0
237.16333333333333,130.07,5,26,20.0
192.08,129.92714285714285,5,26,30.0
28.333333333333332,132.78428571428572,5,25,164.7
71.56666666666666,149.17000000000002,5,25,10.0
68.23333333333333,133.74142857142857,5,24,190.75
121.81666666666666,138.81285714285715,5,24,22.0
74.25,67.49285714285715,5,24,14.0
75.58333333333333,64.49285714285715,5,23,162.0
66.0,84.77857142857144,5,23,10.0
62.0,81.92142857142858,5,22,59.0
77.0,66.82142857142857,5,22,161.45
76.81666666666666,88.45714285714287,5,21,70.0
96.81666666666666,71.20714285714286,5,21,21.0
84.14999999999999,71.06428571428572,5,21,10.0
33.666666666666664,70.49285714285715,5,21,265.0
98.66666666666667,85.20714285714287,5,20,157.35
144.11666666666667,106.25714285714285,5,20,10.0
144.11666666666667,99.25714285714285,5,19,119.0
95.45,93.19285714285714,5,19,143.25
90.75,103.65714285714284,5,19,10.0
90.75,102.08571428571427,5,18,50.0
67.75,107.79999999999998,5,18,13.0
24.333333333333332,71.8,5,17,74.0
45.666666666666664,59.892857142857146,5,17,48.0
45.0,65.32142857142857,5,16,150.95
90.98333333333333,69.88571428571427,5,16,30.0
76.31666666666666,53.70714285714285,5,16,20.0
66.98333333333333,55.13571428571428,5,15,14.0
21.333333333333332,49.99285714285713,5,14,75.0
36.333333333333336,58.84999999999999,5,13,148.95
79.31666666666666,69.55714285714285,5,13,10.0
77.98333333333333,64.12857142857142,5,13,100.0
86.31666666666666,56.85000000000001,5,13,10.0
40.0,53.99285714285715,5,13,14.0
41.333333333333336,53.13571428571429,5,13,16.0
13.333333333333334,53.42142857142858,5,12,125.25
51.75,60.60000000000001,5,12,800.0
313.75,153.60714285714286,5,12,22.0
315.75,155.32142857142858,5,12,50.0
290.6666666666667,148.17857142857142,5,12,20.0
30.666666666666668,149.60714285714286,5,12,10.0
26.666666666666668,149.03571428571428,5,12,97.0
42.333333333333336,160.60714285714286,5,11,90.0
65.66666666666667,155.57142857142858,5,11,10.0
65.66666666666667,42.714285714285715,5,11,24.0
41.333333333333336,43.0,5,10,10.0
14.666666666666666,37.285714285714285,5,10,44.0
26.0,40.714285714285715,5,10,25.0
26.333333333333332,42.857142857142854,5,29,161.6
76.86666666666666,52.08571428571429,5,29,41.0
75.86666666666666,45.08571428571429,5,29,25.0
75.86666666666666,47.228571428571435,5,28,25.0
30.333333333333332,47.371428571428574,5,27,95.0
48.333333333333336,59.51428571428572,5,27,50.0
56.666666666666664,60.371428571428574,5,26,268.1
137.70000000000002,95.10000000000001,5,26,10.0
109.36666666666667,73.44285714285715,5,26,22.0
100.03333333333335,70.72857142857143,5,26,50.0
27.333333333333332,74.3,5,26,25.0
32.333333333333336,74.3,5,25,50.0
41.666666666666664,67.87142857142858,5,25,10.0
28.333333333333332,62.15714285714286,5,25,50.0
36.666666666666664,31.0,5,24,40.0
33.333333333333336,35.285714285714285,5,24,50.0
46.666666666666664,39.285714285714285,5,24,25.0
38.333333333333336,35.714285714285715,5,23,74.0
49.666666666666664,42.714285714285715,5,23,50.0
49.666666666666664,42.714285714285715,5,23,50.0
58.0,48.42857142857143,5,23,15.0
38.333333333333336,43.42857142857143,5,22,35.0
33.333333333333336,42.714285714285715,5,22,61.0
37.0,44.285714285714285,5,22,50.0
48.666666666666664,47.857142857142854,5,22,25.0
45.333333333333336,40.857142857142854,5,21,173.0
82.66666666666667,58.42857142857143,5,21,10.0
69.33333333333333,52.714285714285715,5,21,22.0
68.33333333333333,53.714285714285715,5,21,25.0
19.0,52.285714285714285,4,30,45.0
30.666666666666668,50.0,4,29,250.79
106.92999999999999,78.6842857142857,4,29,193.0
162.92999999999998,102.6842857142857,4,29,193.0
212.26333333333332,105.54142857142857,4,29,10.0
132.0,105.54142857142857,4,28,45.0
82.66666666666667,108.82714285714285,4,27,10.0
21.666666666666668,106.6842857142857,4,26,60.0
38.333333333333336,108.82714285714285,4,25,10.0
26.666666666666668,74.42857142857143,4,24,10.0
26.666666666666668,48.285714285714285,4,23,35.0
18.333333333333332,25.714285714285715,4,22,220.55
88.51666666666667,55.792857142857144,4,22,10.0
