{"Group_expenses":[{"creation_time":"2025-06-24T16:59:53.390809Z","creator":"Kushagra Kapoor","group_name":"Zepto cab + other expenses ","total_amount":"\u20b9218.00","state":"ONGOING","title":"","items":[{"amount":"\u20b954.50","state":"PAID_RECEIVED","payer":"Manas Jayaswal"},{"amount":"\u20b954.50","state":"UNPAID","payer":"Aryan Arya"},{"amount":"\u20b954.50","state":"PAID_RECEIVED","payer":"Epsa"},{"amount":"\u20b954.50","state":"PAID_RECEIVED","payer":"Kushagra Kapoor"}]},{"creation_time":"2025-06-24T16:59:05.651224Z","creator":"Kushagra Kapoor","group_name":"Zepto cab + other expenses ","total_amount":"\u20b9163.50","state":"CLOSED","title":"","items":[{"amount":"\u20b954.50","state":"UNPAID","payer":"Epsa"},{"amount":"\u20b954.50","state":"PAID_RECEIVED","payer":"Kushagra Kapoor"},{"amount":"\u20b954.50","state":"UNPAID","payer":"Aryan Arya"}]},{"creation_time":"2025-06-24T16:58:24.404613Z","creator":"Epsa","group_name":"Zepto cab + other expenses ","total_amount":"\u20b980.00","state":"ONGOING","title":"cab","items":[{"amount":"\u20b940.00","state":"PAID_RECEIVED","payer":"Kushagra Kapoor"},{"amount":"\u20b940.00","state":"UNPAID","payer":"Aryan Arya"}]},{"creation_time":"2025-06-24T16:58:04.906707Z","creator":"Epsa","group_name":"Zepto cab + other expenses ","total_amount":"\u20b980.00","state":"CLOSED","title":"","items":[{"amount":"\u20b940.00","state":"UNPAID","payer":"Aryan Arya"},{"amount":"\u20b940.00","state":"UNPAID","payer":"Kushagra Kapoor"}]},{"creation_time":"2025-06-05T02:16:01.600283Z","creator":"Aryan Arya","group_name":"Zepto cab + other expenses ","total_amount":"\u20b9245.00","state":"COMPLETED","title":"4 june lunch","items":[{"amount":"\u20b9122.50","state":"PAID_RECEIVED","payer":"Kushagra Kapoor"},{"amount":"\u20b9122.50","state":"PAID_RECEIVED","payer":"Aryan Arya"}]},{"creation_time":"2025-06-03T09:47:07.449833Z","creator":"Kushagra Kapoor","group_name":"Zepto cab + other expenses ","total_amount":"\u20b9315.00","state":"COMPLETED","title":"3 june lunch","items":[{"amount":"\u20b9110.00","state":"PAID_RECEIVED","payer":"Aryan Arya"},{"amount":"\u20b9205.00","state":"PAID_RECEIVED","payer":"Kushagra Kapoor"}]},{"creation_time":"2025-06-03T09:46:20.496794Z","creator":"Kushagra Kapoor","group_name":"Zepto cab + other expenses ","total_amount":"\u20b9205.00","state":"COMPLETED","title":"30 lunch","items":[{"amount":"\u20b990.00","state":"PAID_RECEIVED","payer":"Aryan Arya"},{"amount":"\u20b9115.00","state":"PAID_RECEIVED","payer":"Kushagra Kapoor"}]},{"creation_time":"2025-06-03T09:45:12.769074Z","creator":"Kushagra Kapoor","group_name":"Zepto cab + other expenses ","total_amount":"\u20b9325.00","state":"COMPLETED","title":"29 lunch","items":[{"amount":"\u20b9235.00","state":"PAID_RECEIVED","payer":"Kushagra Kapoor"},{"amount":"\u20b990.00","state":"PAID_RECEIVED","payer":"Aryan Arya"}]},{"creation_time":"2025-06-01T15:19:09.670095Z","creator":"Manas Jayaswal","group_name":"Group expense","total_amount":"\u20b9110.00","state":"COMPLETED","title":"pastry","items":[{"amount":"\u20b936.67","state":"PAID_RECEIVED","payer":"Aryan Arya"},{"amount":"\u20b936.66","state":"PAID_RECEIVED","payer":"Epsa"},{"amount":"\u20b936.67","state":"PAID_RECEIVED","payer":"Manas Jayaswal"}]},{"creation_time":"2025-06-01T15:07:05.158436Z","creator":"Aryan Arya","group_name":"Group expense","total_amount":"\u20b91,200.00","state":"COMPLETED","title":"extra recharge card.","items":[{"amount":"\u20b9400.00","state":"PAID_RECEIVED","payer":"Aryan Arya"},{"amount":"\u20b9400.00","state":"PAID_RECEIVED","payer":"Manas Jayaswal"},{"amount":"\u20b9400.00","state":"PAID_RECEIVED","payer":"Epsa"}]},{"creation_time":"2025-06-01T15:06:03.162279Z","creator":"Manas Jayaswal","group_name":"Group expense","total_amount":"\u20b9200.00","state":"COMPLETED","title":"auto to church street","items":[{"amount":"\u20b966.67","state":"PAID_RECEIVED","payer":"Aryan Arya"},{"amount":"\u20b966.66","state":"PAID_RECEIVED","payer":"Epsa"},{"amount":"\u20b966.67","state":"PAID_RECEIVED","payer":"Manas Jayaswal"}]},{"creation_time":"2025-06-01T15:05:38.402296Z","creator":"Manas Jayaswal","group_name":"Group expense","total_amount":"\u20b9125.00","state":"COMPLETED","title":"auto to play arena","items":[{"amount":"\u20b941.67","state":"PAID_RECEIVED","payer":"Aryan Arya"},{"amount":"\u20b941.66","state":"PAID_RECEIVED","payer":"Epsa"},{"amount":"\u20b941.67","state":"PAID_RECEIVED","payer":"Manas Jayaswal"}]},{"creation_time":"2025-06-01T15:03:53.316518Z","creator":"Epsa","group_name":"Group expense","total_amount":"\u20b9270.00","state":"COMPLETED","title":"return auto","items":[{"amount":"\u20b990.00","state":"PAID_RECEIVED","payer":"Aryan Arya"},{"amount":"\u20b990.00","state":"PAID_RECEIVED","payer":"Epsa"},{"amount":"\u20b990.00","state":"PAID_RECEIVED","payer":"Manas Jayaswal"}]},{"creation_time":"2025-06-01T15:03:08.284623Z","creator":"Epsa","group_name":"Group expense","total_amount":"\u20b93,000.00","state":"COMPLETED","title":"","items":[{"amount":"\u20b91,000.00","state":"PAID_RECEIVED","payer":"Aryan Arya"},{"amount":"\u20b91,000.00","state":"PAID_RECEIVED","payer":"Manas Jayaswal"},{"amount":"\u20b91,000.00","state":"PAID_RECEIVED","payer":"Epsa"}]},{"creation_time":"2025-05-26T10:39:54.050374Z","creator":"Kushagra Kapoor","group_name":"Zepto cab + other expenses ","total_amount":"\u20b9220.00","state":"CLOSED","title":"","items":[{"amount":"\u20b9110.00","state":"PAID_RECEIVED","payer":"Kushagra Kapoor"},{"amount":"\u20b9110.00","state":"UNPAID","payer":"Aryan Arya"}]},{"creation_time":"2025-05-24T13:33:05.160361Z","creator":"Aryan Arya","group_name":"Zepto cab + other expenses ","total_amount":"\u20b9401.00","state":"COMPLETED","title":"23 Lunch","items":[{"amount":"\u20b9133.67","state":"PAID_RECEIVED","payer":"Aryan Arya"},{"amount":"\u20b9133.67","state":"PAID_RECEIVED","payer":"Kushagra Kapoor"},{"amount":"\u20b9133.66","state":"PAID_RECEIVED","payer":"Epsa"}]},{"creation_time":"2025-05-24T13:32:01.432882Z","creator":"Aryan Arya","group_name":"Zepto cab + other expenses ","total_amount":"\u20b9401.00","state":"CLOSED","title":"","items":[{"amount":"\u20b9133.67","state":"UNPAID","payer":"Kushagra Kapoor"},{"amount":"\u20b9133.66","state":"UNPAID","payer":"Epsa"},{"amount":"\u20b9133.67","state":"PAID_RECEIVED","payer":"Aryan Arya"}]},{"creation_time":"2025-05-22T09:15:02.750549Z","creator":"Kushagra Kapoor","group_name":"Zepto cab + other expenses ","total_amount":"\u20b984.00","state":"COMPLETED","title":"evening cab 21/5","items":[{"amount":"\u20b928.00","state":"PAID_RECEIVED","payer":"Kushagra Kapoor"},{"amount":"\u20b928.00","state":"PAID_RECEIVED","payer":"Epsa"},{"amount":"\u20b928.00","state":"PAID_RECEIVED","payer":"Aryan Arya"}]},{"creation_time":"2025-05-22T04:22:02.801305Z","creator":"Aryan Arya","group_name":"Zepto cab + other expenses ","total_amount":"\u20b9158.00","state":"COMPLETED","title":"","items":[{"amount":"\u20b979.00","state":"PAID_RECEIVED","payer":"Aryan Arya"},{"amount":"\u20b979.00","state":"PAID_RECEIVED","payer":"Kushagra Kapoor"}]},{"creation_time":"2025-05-21T08:22:46.117197Z","creator":"Kushagra Kapoor","group_name":"Zepto cab + other expenses ","total_amount":"\u20b9107.00","state":"COMPLETED","title":"","items":[{"amount":"\u20b953.50","state":"PAID_RECEIVED","payer":"Kushagra Kapoor"},{"amount":"\u20b953.50","state":"PAID_RECEIVED","payer":"Aryan Arya"}]},{"creation_time":"2025-05-21T05:57:57.580076Z","creator":"Kushagra Kapoor","group_name":"Zepto cab + other expenses ","total_amount":"\u20b9150.00","state":"COMPLETED","title":"morning cab","items":[{"amount":"\u20b975.00","state":"PAID_RECEIVED","payer":"Kushagra Kapoor"},{"amount":"\u20b975.00","state":"PAID_RECEIVED","payer":"Aryan Arya"}]},{"creation_time":"2025-05-20T13:19:35.898773Z","creator":"Epsa","group_name":"Zepto cab + other expenses ","total_amount":"\u20b9150.00","state":"COMPLETED","title":"morning auto ","items":[{"amount":"\u20b950.00","state":"PAID_RECEIVED","payer":"Kushagra Kapoor"},{"amount":"\u20b950.00","state":"PAID_RECEIVED","payer":"Epsa"},{"amount":"\u20b950.00","state":"PAID_RECEIVED","payer":"Aryan Arya"}]},{"creation_time":"2025-05-20T09:28:13.401127Z","creator":"Kushagra Kapoor","group_name":"Zepto cab + other expenses ","total_amount":"\u20b9308.00","state":"COMPLETED","title":"","items":[{"amount":"\u20b9124.00","state":"PAID_RECEIVED","payer":"Kushagra Kapoor"},{"amount":"\u20b9115.00","state":"PAID_RECEIVED","payer":"Epsa"},{"amount":"\u20b969.00","state":"PAID_RECEIVED","payer":"Aryan Arya"}]},{"creation_time":"2025-05-19T15:44:12.828379Z","creator":"Epsa","group_name":"Zepto cab + other expenses ","total_amount":"\u20b9141.00","state":"COMPLETED","title":"morning auto ","items":[{"amount":"\u20b947.00","state":"PAID_RECEIVED","payer":"Kushagra Kapoor"},{"amount":"\u20b947.00","state":"PAID_RECEIVED","payer":"Epsa"},{"amount":"\u20b947.00","state":"PAID_RECEIVED","payer":"Aryan Arya"}]},{"creation_time":"2025-05-16T19:36:01.763681Z","creator":"Epsa","group_name":"Zepto cab + other expenses ","total_amount":"\u20b9119.00","state":"COMPLETED","title":"morning auto","items":[{"amount":"\u20b939.66","state":"PAID_RECEIVED","payer":"Epsa"},{"amount":"\u20b939.67","state":"PAID_RECEIVED","payer":"Kushagra Kapoor"},{"amount":"\u20b939.67","state":"PAID_RECEIVED","payer":"Aryan Arya"}]},{"creation_time":"2025-05-16T02:28:41.216076Z","creator":"Epsa","group_name":"Zepto cab + other expenses ","total_amount":"\u20b9375.00","state":"COMPLETED","title":"office lunch ","items":[{"amount":"\u20b9125.00","state":"PAID_RECEIVED","payer":"Aryan Arya"},{"amount":"\u20b9125.00","state":"PAID_RECEIVED","payer":"Kushagra Kapoor"},{"amount":"\u20b9125.00","state":"PAID_RECEIVED","payer":"Epsa"}]},{"creation_time":"2025-05-15T16:42:43.348242Z","creator":"Aryan Arya","group_name":"Zepto cab + other expenses ","total_amount":"\u20b9160.00","state":"COMPLETED","title":"morning auto","items":[{"amount":"\u20b953.33","state":"PAID_RECEIVED","payer":"Aryan Arya"},{"amount":"\u20b953.33","state":"PAID_RECEIVED","payer":"Epsa"},{"amount":"\u20b953.34","state":"PAID_RECEIVED","payer":"Kushagra Kapoor"}]},{"creation_time":"2025-05-14T15:35:28.763003Z","creator":"Epsa","group_name":"Zepto cab + other expenses ","total_amount":"\u20b9136.00","state":"COMPLETED","title":"","items":[{"amount":"\u20b945.33","state":"PAID_RECEIVED","payer":"Aryan Arya"},{"amount":"\u20b945.33","state":"PAID_RECEIVED","payer":"Epsa"},{"amount":"\u20b945.34","state":"PAID_RECEIVED","payer":"Kushagra Kapoor"}]},{"creation_time":"2025-05-14T05:04:49.017014Z","creator":"Epsa","group_name":"Zepto cab + other expenses ","total_amount":"\u20b9375.00","state":"COMPLETED","title":"office lunch","items":[{"amount":"\u20b9125.00","state":"PAID_RECEIVED","payer":"Kushagra Kapoor"},{"amount":"\u20b9125.00","state":"PAID_RECEIVED","payer":"Epsa"},{"amount":"\u20b9125.00","state":"PAID_RECEIVED","payer":"Aryan Arya"}]},{"creation_time":"2025-05-13T17:50:12.294492Z","creator":"Kushagra Kapoor","group_name":"Zepto cab + other expenses ","total_amount":"\u20b9150.00","state":"COMPLETED","title":"evening cab","items":[{"amount":"\u20b975.00","state":"PAID_RECEIVED","payer":"Aryan Arya"},{"amount":"\u20b975.00","state":"PAID_RECEIVED","payer":"Kushagra Kapoor"}]},{"creation_time":"2025-05-13T17:49:37.462210Z","creator":"Kushagra Kapoor","group_name":"Zepto cab + other expenses ","total_amount":"\u20b9170.00","state":"COMPLETED","title":"morning auto","items":[{"amount":"\u20b956.67","state":"PAID_RECEIVED","payer":"Kushagra Kapoor"},{"amount":"\u20b956.66","state":"PAID_RECEIVED","payer":"Epsa"},{"amount":"\u20b956.67","state":"PAID_RECEIVED","payer":"Aryan Arya"}]}]}